[
  {"code": "AL", "name": "Albania", "continent": "Europe"},
  {"code": "AD", "name": "Andorra", "continent": "Europe"},
  {"code": "AR", "name": "Argentina", "continent": "South America"},
  {"code": "AU", "name": "Australia", "continent": "Oceania"},
  {"code": "AT", "name": "Austria", "continent": "Europe"},
  {"code": "BD", "name": "Bangladesh", "continent": "Asia"},
  {"code": "BE", "name": "Belgium", "continent": "Europe"},
  {"code": "BT", "name": "Bhutan", "continent": "Asia"},
  {"code": "BO", "name": "Bolivia", "continent": "South America"},
  {"code": "BA", "name": "Bosnia and Herzegovina", "continent": "Europe"},
  {"code": "BW", "name": "Botswana", "continent": "Africa"},
  {"code": "BR", "name": "Brazil", "continent": "South America"},
  {"code": "BG", "name": "Bulgaria", "continent": "Europe"},
  {"code": "KH", "name": "Cambodia", "continent": "Asia"},
  {"code": "CA", "name": "Canada", "continent": "North America"},
  {"code": "CL", "name": "Chile", "continent": "South America"},
  {"code": "CO", "name": "Colombia", "continent": "South America"},
  {"code": "HR", "name": "Croatia", "continent": "Europe"},
  {"code": "CZ", "name": "Czechia", "continent": "Europe"},
  {"code": "DK", "name": "Denmark", "continent": "Europe"},
  {"code": "DO", "name": "Dominican Republic", "continent": "North America"},
  {"code": "EC", "name": "Ecuador", "continent": "South America"},
  {"code": "EE", "name": "Estonia", "continent": "Europe"},
  {"code": "SZ", "name": "Eswatini", "continent": "Africa"},
  {"code": "FI", "name": "Finland", "continent": "Europe"},
  {"code": "FR", "name": "France", "continent": "Europe"},
  {"code": "DE", "name": "Germany", "continent": "Europe"},
  {"code": "GH", "name": "Ghana", "continent": "Africa"},
  {"code": "GR", "name": "Greece", "continent": "Europe"},
  {"code": "GL", "name": "Greenland", "continent": "North America"},
  {"code": "GT", "name": "Guatemala", "continent": "North America"},
  {"code": "HU", "name": "Hungary", "continent": "Europe"},
  {"code": "IS", "name": "Iceland", "continent": "Europe"},
  {"code": "IN", "name": "India", "continent": "Asia"},
  {"code": "ID", "name": "Indonesia", "continent": "Asia"},
  {"code": "IE", "name": "Ireland", "continent": "Europe"},
  {"code": "IL", "name": "Israel", "continent": "Asia"},
  {"code": "IT", "name": "Italy", "continent": "Europe"},
  {"code": "JP", "name": "Japan", "continent": "Asia"},
  {"code": "JO", "name": "Jordan", "continent": "Asia"},
  {"code": "KE", "name": "Kenya", "continent": "Africa"},
  {"code": "KG", "name": "Kyrgyzstan", "continent": "Asia"},
  {"code": "LV", "name": "Latvia", "continent": "Europe"},
  {"code": "LB", "name": "Lebanon", "continent": "Asia"},
  {"code": "LS", "name": "Lesotho", "continent": "Africa"},
  {"code": "LI", "name": "Liechtenstein", "continent": "Europe"},
  {"code": "LT", "name": "Lithuania", "continent": "Europe"},
  {"code": "LU", "name": "Luxembourg", "continent": "Europe"},
  {"code": "MY", "name": "Malaysia", "continent": "Asia"},
  {"code": "MX", "name": "Mexico", "continent": "North America"},
  {"code": "MN", "name": "Mongolia", "continent": "Asia"},
  {"code": "ME", "name": "Montenegro", "continent": "Europe"},
  {"code": "NA", "name": "Namibia", "continent": "Africa"},
  {"code": "NL", "name": "Netherlands", "continent": "Europe"},
  {"code": "NZ", "name": "New Zealand", "continent": "Oceania"},
  {"code": "NG", "name": "Nigeria", "continent": "Africa"},
  {"code": "MK", "name": "North Macedonia", "continent": "Europe"},
  {"code": "NO", "name": "Norway", "continent": "Europe"},
  {"code": "OM", "name": "Oman", "continent": "Asia"},
  {"code": "PS", "name": "Palestine", "continent": "Asia"},
  {"code": "PA", "name": "Panama", "continent": "North America"},
  {"code": "PE", "name": "Peru", "continent": "South America"},
  {"code": "PH", "name": "Philippines", "continent": "Asia"},
  {"code": "PL", "name": "Poland", "continent": "Europe"},
  {"code": "PT", "name": "Portugal", "continent": "Europe"},
  {"code": "QA", "name": "Qatar", "continent": "Asia"},
  {"code": "RO", "name": "Romania", "continent": "Europe"},
  {"code": "RU", "name": "Russia", "continent": "Europe"},
  {"code": "RW", "name": "Rwanda", "continent": "Africa"},
  {"code": "SM", "name": "San Marino", "continent": "Europe"},
  {"code": "ST", "name": "São Tomé and Príncipe", "continent": "Africa"},
  {"code": "SN", "name": "Senegal", "continent": "Africa"},
  {"code": "RS", "name": "Serbia", "continent": "Europe"},
  {"code": "SG", "name": "Singapore", "continent": "Asia"},
  {"code": "SK", "name": "Slovakia", "continent": "Europe"},
  {"code": "SI", "name": "Slovenia", "continent": "Europe"},
  {"code": "ZA", "name": "South Africa", "continent": "Africa"},
  {"code": "KR", "name": "South Korea", "continent": "Asia"},
  {"code": "ES", "name": "Spain", "continent": "Europe"},
  {"code": "LK", "name": "Sri Lanka", "continent": "Asia"},
  {"code": "SE", "name": "Sweden", "continent": "Europe"},
  {"code": "CH", "name": "Switzerland", "continent": "Europe"},
  {"code": "TW", "name": "Taiwan", "continent": "Asia"},
  {"code": "TH", "name": "Thailand", "continent": "Asia"},
  {"code": "TR", "name": "Turkey", "continent": "Asia"},
  {"code": "TN", "name": "Tunisia", "continent": "Africa"},
  {"code": "UA", "name": "Ukraine", "continent": "Europe"},
  {"code": "UG", "name": "Uganda", "continent": "Africa"},
  {"code": "AE", "name": "United Arab Emirates", "continent": "Asia"},
  {"code": "GB", "name": "United Kingdom", "continent": "Europe"},
  {"code": "US", "name": "United States", "continent": "North America"},
  {"code": "UY", "name": "Uruguay", "continent": "South America"},
  {"code": "VN", "name": "Vietnam", "continent": "Asia"}
]
